{
  "micro": 0.17719062546648753,
  "macro": 0.17719062546648753,
  "per_tag": {
    "rag_qa_single": 0.17719062546648753
  },
  "total_cases": 3,
  "missing": 10
}