{
  "micro": 0.20689655172413793,
  "macro": 0.20689655172413793,
  "per_tag": {
    "rag_qa_single": 0.20689655172413793
  },
  "total_cases": 1
}