{
  "micro": 0.015873015873015876,
  "macro": 0.03174603174603175,
  "per_tag": {
    "rag_qa_single": 0.0,
    "meta_ops": 0.09523809523809525,
    "ops_health": 0.0
  },
  "total_cases": 6,
  "missing": 11
}