{
  "micro": 0.08924455418718759,
  "macro": 0.0656012537923197,
  "per_tag": {
    "rag_qa_single": 0.10156566613886384,
    "meta_ops": 0.09523809523809525,
    "ops_health": 0.0
  },
  "total_cases": 17,
  "missing": 0
}