{
  "micro": 0.4997256967303051,
  "macro": 0.3475742447516641,
  "per_tag": {
    "rag_qa_single": 0.7708333333333334,
    "meta_ops": 0.12903225806451615,
    "ops_health": 0.14285714285714285
  },
  "total_cases": 7,
  "missing": 10
}