{
  "micro": 0.09680863579369436,
  "macro": 0.06866290587114386,
  "per_tag": {
    "rag_qa_single": 0.11075062237533635,
    "meta_ops": 0.09523809523809525,
    "ops_health": 0.0
  },
  "total_cases": 17,
  "missing": 0
}