{
  "micro": 0.8823529411764706,
  "macro": 0.8095238095238096,
  "per_tag": {
    "rag_qa_single": 0.9285714285714286,
    "meta_ops": 1.0,
    "ops_health": 0.5
  },
  "total_cases": 17
}